{
	"themeName": "clover bubbles",
	"wallMaterial": "MARBLE POLISHED",
	"wallRoughness": 0.79667282104492188,
	"wallMetallic": 0.8516579270362854,
	"wallFullBright": 0,
	"wallTint":
	{
		"x": 0.5271151065826416,
		"y": 0.57758045196533203,
		"z": 0.66538727283477783
	},
	"wallTextureScale": 1,
	"floorMaterial": "CONCRETE TILES",
	"floorRoughness": 0.54528653621673584,
	"floorMetallic": 1,
	"floorFullBright": 0.55373406410217285,
	"floorTint":
	{
		"x": 0.33716362714767456,
		"y": 0.35153260827064514,
		"z": 0.4019777774810791
	},
	"floorTextureScale": 1,
	"ceilingMaterial": "MARBLE POLISHED",
	"ceilingRoughness": 1,
	"ceilingMetallic": 1,
	"ceilingFullBright": 0.20036429166793823,
	"ceilingTint":
	{
		"x": 0.34670406579971313,
		"y": 0.39157247543334961,
		"z": 0.44520118832588196
	},
	"ceilingTextureScale": 1,
	"rampMaterial": "MARBLE POLISHED",
	"rampRoughness": 1,
	"rampMetallic": 1,
	"rampFullBright": 0,
	"rampTint":
	{
		"x": 0.34191441535949707,
		"y": 0.34191441535949707,
		"z": 0.37123766541481018
	},
	"rampTextureScale": 1,
	"overrideEnemyHeadColor": true,
	"overrideEnemyBodyColor": true,
	"setEnemyBodyColorAsAttackColor": false,
	"enemyColorRoughness": 1,
	"enemyColorMetallic": 0,
	"enemyColorFullBright": 0.40072858333587646,
	"enemyHeadColor":
	{
		"x": 0.62396037578582764,
		"y": 0.73791038990020752,
		"z": 1
	},
	"enemyHeadColorOnHit":
	{
		"x": 1,
		"y": 1,
		"z": 1
	},
	"enemyHeadColorOnLookAt":
	{
		"x": 1,
		"y": 1,
		"z": 0
	},
	"enemyBodyColor":
	{
		"x": 0.62396037578582764,
		"y": 0.73791038990020752,
		"z": 1
	},
	"enemyBodyColorOnHit":
	{
		"x": 1,
		"y": 1,
		"z": 1
	},
	"enemyBodyColorOnLookAt":
	{
		"x": 1,
		"y": 0.7758222222328186,
		"z": 0
	},
	"changeEnemyColorOnHit": false,
	"changeEnemyColorOnLookAt": false,
	"teamGlowUpHead": 1,
	"teamGlowUpBody": 1,
	"enemyGlowUpHead": 1,
	"enemyGlowUpBody": 1,
	"enemyGlowUpHeadOnHit": 1,
	"enemyGlowUpBodyOnHit": 1,
	"enemyGlowUpHeadOnLookAt": 1,
	"enemyGlowUpBodyOnLookAt": 1000,
	"skyPresetId": 8,
	"cloudCoverId": 1,
	"solidSkyColor": false,
	"sunVisible": false,
	"skyColor":
	{
		"b": 231,
		"g": 191,
		"r": 200,
		"a": 255
	}
}