{
	"themeName": "snowi_clarity_13-03-22",
	"wallMaterial": "MARBLE POLISHED",
	"wallRoughness": 0.40000000596046448,
	"wallMetallic": 0.079999998211860657,
	"wallFullBright": 0.87999999523162842,
	"wallTint":
	{
		"x": 0.24228112399578094,
		"y": 0.23455058038234711,
		"z": 0.27049779891967773
	},
	"wallTextureScale": 0.33000001311302185,
	"floorMaterial": "MARBLE POLISHED",
	"floorRoughness": 1,
	"floorMetallic": 0.40000000596046448,
	"floorFullBright": 0.89999997615814209,
	"floorTint":
	{
		"x": 0.24228112399578094,
		"y": 0.22322796285152435,
		"z": 0.24228112399578094
	},
	"floorTextureScale": 1,
	"ceilingMaterial": "MARBLE POLISHED",
	"ceilingRoughness": 0.76999998092651367,
	"ceilingMetallic": 0.25,
	"ceilingFullBright": 0.25,
	"ceilingTint":
	{
		"x": 0.26225066184997559,
		"y": 0.22696587443351746,
		"z": 0.26225066184997559
	},
	"ceilingTextureScale": 1,
	"rampMaterial": "GREY WOOD BOARD",
	"rampRoughness": 0.6600000262260437,
	"rampMetallic": 0,
	"rampFullBright": 0.6600000262260437,
	"rampTint":
	{
		"x": 0.65140563249588013,
		"y": 0.65140563249588013,
		"z": 0.7304607629776001
	},
	"rampTextureScale": 1,
	"overrideEnemyHeadColor": true,
	"overrideEnemyBodyColor": true,
	"setEnemyBodyColorAsAttackColor": true,
	"enemyColorRoughness": 1,
	"enemyColorMetallic": 0.5,
	"enemyColorFullBright": 0.5,
	"enemyHeadColor":
	{
		"x": 0.75294220447540283,
		"y": 0.44520118832588196,
		"z": 0.57758045196533203
	},
	"enemyHeadColorOnHit":
	{
		"x": 1,
		"y": 1,
		"z": 1
	},
	"enemyHeadColorOnLookAt":
	{
		"x": 0,
		"y": 0,
		"z": 0
	},
	"enemyBodyColor":
	{
		"x": 0.75294220447540283,
		"y": 0.44520118832588196,
		"z": 0.57758045196533203
	},
	"enemyBodyColorOnHit":
	{
		"x": 1,
		"y": 1,
		"z": 1
	},
	"enemyBodyColorOnLookAt":
	{
		"x": 0,
		"y": 0,
		"z": 0
	},
	"changeEnemyColorOnHit": false,
	"changeEnemyColorOnLookAt": false,
	"teamGlowUpHead": 0,
	"teamGlowUpBody": 0,
	"enemyGlowUpHead": 1,
	"enemyGlowUpBody": 1,
	"enemyGlowUpHeadOnHit": 0,
	"enemyGlowUpBodyOnHit": 0,
	"enemyGlowUpHeadOnLookAt": 0,
	"enemyGlowUpBodyOnLookAt": 0,
	"skyPresetId": 6,
	"cloudCoverId": 0,
	"solidSkyColor": true,
	"sunVisible": true,
	"skyColor":
	{
		"b": 111,
		"g": 100,
		"r": 101,
		"a": 255
	}
}