{
	"themeName": "Struth Youtube",
	"wallMaterial": "WHITE WOOD BOARD",
	"wallRoughness": 0,
	"wallMetallic": 1,
	"wallFullBright": 0.89999997615814209,
	"wallTint":
	{
		"x": 0.17144109308719635,
		"y": 0.17144109308719635,
		"z": 0.17144109308719635
	},
	"wallTextureScale": 1,
	"floorMaterial": "WHITE WOOD BOARD",
	"floorRoughness": 0,
	"floorMetallic": 1,
	"floorFullBright": 0.89999997615814209,
	"floorTint":
	{
		"x": 0.14126329123973846,
		"y": 0.14126329123973846,
		"z": 0.14126329123973846
	},
	"floorTextureScale": 1,
	"ceilingMaterial": "WHITE WOOD BOARD",
	"ceilingRoughness": 1,
	"ceilingMetallic": 1,
	"ceilingFullBright": 0.89999997615814209,
	"ceilingTint":
	{
		"x": 0.17144109308719635,
		"y": 0.17144109308719635,
		"z": 0.17144109308719635
	},
	"ceilingTextureScale": 1,
	"rampMaterial": "WHITE WOOD BOARD",
	"rampRoughness": 1,
	"rampMetallic": 1,
	"rampFullBright": 0.20999999344348907,
	"rampTint":
	{
		"x": 0.17144109308719635,
		"y": 0.17144109308719635,
		"z": 0.17144109308719635
	},
	"rampTextureScale": 1,
	"overrideEnemyHeadColor": true,
	"overrideEnemyBodyColor": true,
	"setEnemyBodyColorAsAttackColor": false,
	"enemyColorRoughness": 0.74000000953674316,
	"enemyColorMetallic": 0.81000000238418579,
	"enemyColorFullBright": 0.0099999997764825821,
	"enemyHeadColor":
	{
		"x": 0.29499998688697815,
		"y": 0.11225699633359909,
		"z": 0.056639999151229858
	},
	"enemyHeadColorOnHit":
	{
		"x": 1,
		"y": 1,
		"z": 1
	},
	"enemyHeadColorOnLookAt":
	{
		"x": 1,
		"y": 1,
		"z": 0
	},
	"enemyBodyColor":
	{
		"x": 1,
		"y": 0.72699999809265137,
		"z": 0
	},
	"enemyBodyColorOnHit":
	{
		"x": 1,
		"y": 1,
		"z": 1
	},
	"enemyBodyColorOnLookAt":
	{
		"x": 1,
		"y": 1,
		"z": 0
	},
	"changeEnemyColorOnHit": false,
	"changeEnemyColorOnLookAt": false,
	"teamGlowUpHead": 1,
	"teamGlowUpBody": 1,
	"enemyGlowUpHead": 1000,
	"enemyGlowUpBody": 10,
	"enemyGlowUpHeadOnHit": 1,
	"enemyGlowUpBodyOnHit": 1,
	"enemyGlowUpHeadOnLookAt": 1,
	"enemyGlowUpBodyOnLookAt": 1,
	"skyPresetId": 2,
	"cloudCoverId": 1,
	"solidSkyColor": false,
	"sunVisible": true,
	"skyColor":
	{
		"b": 120,
		"g": 120,
		"r": 120,
		"a": 255
	}
}